date,algorithme,automatisation,big data,bitcoin,blockchain,chatgpt,cloud computing,cybersécurité,data science,deep learning,gpu,ia,intelligence artificielle,machine learning,metaverse,nvidia,openai,robot,réalité virtuelle,serveur
2020-01-01,85,45,89,18,56,0,32,8,28,37,18,4,14,34,0,21,0,62,92,64
2020-02-01,83,40,95,22,45,0,30,7,27,39,18,4,14,36,0,22,0,52,100,72
2020-03-01,90,37,80,40,35,0,29,6,23,33,19,6,12,31,0,24,0,53,63,88
2020-04-01,70,35,75,29,39,0,29,5,26,34,23,5,13,35,0,28,0,92,58,100
2020-05-01,74,34,85,32,37,0,27,5,23,33,23,5,11,33,0,27,0,95,59,86
2020-06-01,71,38,75,17,35,0,24,6,29,38,20,5,9,33,0,22,0,71,51,72
2020-07-01,39,36,62,18,44,0,19,6,25,34,19,3,7,29,0,21,0,57,53,69
2020-08-01,38,34,49,23,43,0,19,5,23,28,19,3,7,26,0,24,0,53,61,68
2020-09-01,81,56,100,17,41,0,28,7,31,34,24,5,11,34,0,39,0,54,61,67
2020-10-01,82,51,79,18,39,0,27,8,26,30,20,4,12,31,0,26,0,68,63,73
2020-11-01,85,48,77,33,50,0,31,8,22,32,25,4,14,30,0,28,0,97,63,72
2020-12-01,74,44,64,42,55,0,26,7,22,29,25,4,12,28,0,35,0,97,71,68
2021-01-01,84,45,67,90,75,0,29,8,26,31,28,4,14,33,0,28,0,75,51,67
2021-02-01,77,44,69,100,81,0,32,10,27,33,26,4,13,33,0,26,0,73,48,80
2021-03-01,80,49,73,69,80,0,33,10,24,34,24,4,14,35,0,24,0,74,45,80
2021-04-01,79,44,63,64,81,0,24,8,23,30,24,4,12,31,1,25,0,71,45,82
2021-05-01,71,45,61,87,77,0,23,8,23,31,21,4,13,28,1,22,0,74,42,70
2021-06-01,60,38,55,57,52,0,22,9,23,27,20,4,10,27,0,22,0,62,47,65
2021-07-01,31,39,38,42,43,0,19,9,21,22,19,3,6,22,2,21,0,55,53,66
2021-08-01,33,32,33,46,48,0,19,7,19,21,20,3,7,19,4,21,0,57,54,66
2021-09-01,70,47,73,41,61,0,26,11,27,29,22,4,10,29,5,20,0,58,51,65
2021-10-01,92,43,66,48,67,0,25,10,26,32,24,4,13,30,45,21,0,61,68,73
2021-11-01,83,51,69,45,94,0,30,11,25,35,25,4,14,35,75,26,0,84,79,68
2021-12-01,70,45,54,46,91,0,27,10,25,30,25,4,13,30,78,27,0,76,84,72
2022-01-01,100,54,73,62,100,0,33,14,30,41,30,5,17,39,100,36,1,73,79,86
2022-02-01,80,63,78,53,92,0,34,15,33,46,31,5,15,45,93,33,0,59,84,93
2022-03-01,90,59,87,49,87,0,36,18,37,49,30,5,21,52,69,29,0,65,80,87
2022-04-01,80,54,76,37,92,0,32,14,32,44,29,5,17,44,56,25,1,66,75,79
2022-05-01,79,59,76,59,78,0,32,15,31,47,25,5,14,44,39,24,1,71,63,80
2022-06-01,80,61,63,69,71,0,24,15,33,41,32,6,13,42,41,22,1,59,62,78
2022-07-01,42,44,41,52,60,0,22,11,24,33,25,4,9,32,31,23,1,56,53,72
2022-08-01,38,43,40,43,54,0,17,10,24,28,24,4,9,29,28,23,1,52,54,75
2022-09-01,75,60,96,37,66,0,30,15,30,34,27,6,13,37,40,26,1,49,59,72
2022-10-01,82,55,72,29,60,0,30,17,31,39,29,6,14,42,44,27,2,61,75,75
2022-11-01,90,57,74,50,68,0,33,16,33,40,33,8,18,43,45,30,2,77,93,79
2022-12-01,72,47,54,30,48,5,24,13,25,34,28,12,23,35,29,28,29,65,91,67
2023-01-01,86,64,67,34,61,18,36,18,32,45,29,16,45,44,30,28,55,62,74,78
2023-02-01,77,58,59,30,57,18,26,18,32,42,33,15,37,42,28,27,37,52,75,77
2023-03-01,87,63,62,37,64,21,34,21,30,44,28,18,43,42,24,25,40,58,68,72
2023-04-01,76,55,59,32,50,24,27,18,30,41,28,21,55,40,19,23,38,74,68,73
2023-05-01,77,51,48,25,47,22,28,17,26,39,28,24,50,38,14,25,34,78,58,68
2023-06-01,63,61,43,25,46,18,26,19,28,34,30,21,39,37,12,25,24,60,53,71
2023-07-01,39,50,34,23,37,14,22,15,24,32,29,18,24,31,12,23,16,56,52,70
2023-08-01,37,47,34,26,35,12,21,13,22,27,32,19,24,29,8,28,13,52,50,68
2023-09-01,66,58,78,21,40,19,28,20,29,33,32,24,34,36,11,25,17,51,49,64
2023-10-01,72,59,56,25,44,23,31,22,30,40,30,30,36,39,14,25,18,52,68,71
2023-11-01,79,65,51,28,45,23,31,21,31,40,36,32,41,41,12,31,29,74,73,70
2023-12-01,69,66,43,34,44,21,31,18,24,36,33,36,39,34,7,28,18,71,86,73
2024-01-01,70,75,45,44,45,21,29,21,30,41,36,34,41,39,7,31,19,59,62,72
2024-02-01,72,72,52,40,51,22,34,25,32,45,38,38,39,49,8,48,29,54,79,76
2024-03-01,74,68,49,65,61,23,40,24,34,47,36,42,44,43,8,46,20,61,67,81
2024-04-01,70,74,46,46,53,21,36,22,26,41,35,42,37,41,6,33,17,67,64,71
2024-05-01,72,73,47,31,40,21,30,21,27,38,32,42,37,37,6,39,20,69,54,68
2024-06-01,61,75,45,26,39,18,33,21,29,38,33,41,38,40,5,49,22,62,50,71
2024-07-01,34,60,33,28,32,13,28,17,23,33,30,34,27,35,4,38,16,61,49,67
2024-08-01,30,58,29,33,31,13,36,14,22,27,34,35,23,27,3,50,15,56,50,65
2024-09-01,58,73,54,26,37,26,37,25,28,33,38,50,31,37,5,42,22,55,51,67
2024-10-01,66,74,73,27,38,37,37,24,33,39,40,56,39,44,5,43,24,87,72,74
2024-11-01,69,81,42,81,52,49,38,21,32,38,43,62,39,40,5,51,22,88,76,67
2024-12-01,56,73,40,69,53,46,31,18,25,32,38,63,43,35,5,47,24,78,83,76
2025-01-01,71,89,46,60,56,49,38,23,30,38,46,74,58,42,5,82,29,64,59,73
2025-02-01,63,90,48,53,56,47,37,100,31,45,46,100,100,45,4,66,31,62,79,86
2025-03-01,71,92,41,49,45,51,39,93,33,41,50,84,74,42,3,53,27,73,57,72
2025-04-01,60,86,35,44,48,58,34,85,28,37,39,93,62,36,3,52,31,86,59,66
2025-05-01,57,78,37,40,66,63,35,19,25,32,38,81,35,32,3,41,26,88,46,68
2025-06-01,52,86,40,31,84,76,40,21,29,39,41,75,36,43,3,40,29,75,39,66
2025-07-01,32,74,32,37,69,67,29,17,24,32,38,62,28,35,3,40,23,63,41,65
2025-08-01,27,73,28,38,51,55,26,13,23,26,41,59,27,29,3,47,26,66,48,65
2025-09-01,56,84,55,29,50,83,30,22,27,32,40,76,32,34,3,40,28,61,47,64
2025-10-01,49,80,46,46,44,84,37,21,27,38,40,86,35,37,3,47,37,63,59,70
2025-11-01,60,89,86,70,73,100,97,21,90,90,100,92,34,96,4,100,100,100,67,71
2025-12-01,49,100,99,54,77,93,100,19,100,100,100,90,33,100,6,72,84,82,70,67
