mot_cle,2020-01-01,2020-02-01,2020-03-01,2020-04-01,2020-05-01,2020-06-01,2020-07-01,2020-08-01,2020-09-01,2020-10-01,2020-11-01,2020-12-01,2021-01-01,2021-02-01,2021-03-01,2021-04-01,2021-05-01,2021-06-01,2021-07-01,2021-08-01,2021-09-01,2021-10-01,2021-11-01,2021-12-01,2022-01-01,2022-02-01,2022-03-01,2022-04-01,2022-05-01,2022-06-01,2022-07-01,2022-08-01,2022-09-01,2022-10-01,2022-11-01,2022-12-01,2023-01-01,2023-02-01,2023-03-01,2023-04-01,2023-05-01,2023-06-01,2023-07-01,2023-08-01,2023-09-01,2023-10-01,2023-11-01,2023-12-01,2024-01-01,2024-02-01,2024-03-01,2024-04-01,2024-05-01,2024-06-01,2024-07-01,2024-08-01,2024-09-01,2024-10-01,2024-11-01,2024-12-01,2025-01-01,2025-02-01,2025-03-01,2025-04-01,2025-05-01,2025-06-01,2025-07-01,2025-08-01,2025-09-01,2025-10-01,2025-11-01,2025-12-01
algorithme,1.6917034711029917,1.7978895791366931,2.061279284919218,1.4739113269232949,1.483623018282009,1.6948267475507357,0.629748850261274,0.6399478190545523,1.597592347767766,1.9989035086895133,1.8555109702395658,1.3771825033617868,1.7029395421586833,1.3103871841944905,1.6248713002162511,1.800549632446164,1.377393946899791,1.488910619997679,0.3460440325981552,0.47614624440551545,1.6875338316377353,1.9721051767404498,1.5922927831120062,1.167132337012865,1.558047964880096,1.2620273679376182,1.4941337765737552,1.3336278510172535,1.4902306649561787,1.3988829963110627,0.5759456224464655,0.4984453814226129,1.6215291312040159,1.8546814316255118,1.477816795319116,1.739813914400939,2.0751186996931223,2.131610352805407,2.0831497608405916,1.872687535259318,1.764013305186818,1.934727215631988,0.6044547385284857,0.6166862581974764,1.8560927388507407,2.1940784531152713,1.8461128022106235,1.64910711417935,1.6694579908507043,1.6323491544663815,1.7736675721608473,1.6081619259790607,1.9954514545689361,1.2953373790103013,0.1141024465975075,-0.1189616239304427,1.2286439111522616,1.1284261680428094,1.0380163416975379,0.5801572633099309,1.119212298985418,0.2813995973452362,0.7996100651987946,0.46880139008641497,0.6641454364173487,0.38716167830739573,-0.41949421567126466,-0.5433473289119753,0.6904662221030207,0.23339691733197637,-0.543881607250777,-0.882497368888386
automatisation,0.31003330546110613,0.147576108437522,0.0915740168488839,0.0034197478582907556,-0.03544491852550865,0.32960382087005097,0.44315659833200766,0.3490624467570285,0.912394726828995,0.7033179012055695,0.3923840403015569,0.3247900765504083,0.1959133986554238,0.18102940820937835,0.3952389649174665,0.28181048605296105,0.3518631520321675,0.2906815070338241,0.6469518870313338,0.32418467704205306,0.6572933971824635,0.21998804044587442,0.2904181805675987,0.18131920167771504,0.16368597296405674,0.45779424131070456,0.40128164285123713,0.3560995832559159,0.6279588336607796,0.7805921692122505,0.6247545735012507,0.5961797699368507,0.836284999870352,0.632680913445047,0.4926055984397053,0.3863827639259301,0.9074082942386102,0.7766707414875546,1.0531622400294216,0.6910191316663328,0.6003463572374929,1.3698433570533053,1.3117953899979904,1.0859040633477302,1.1607265830853335,1.0138895541290618,1.217648869543177,1.1865244734558296,1.989481886860424,1.3699135990859344,1.1567397209744656,1.6588126953012359,1.7279646644122422,1.9696995719874648,1.6988586493406697,1.5715456635021654,1.991048247428128,1.272174724481384,1.447759634472882,1.299360482289184,1.847550020667903,1.21292929890188,1.6831570985676285,1.5403474245696493,1.602866901318195,1.7994495614412915,1.8212823400882865,1.9340912692358918,1.9413108273621162,1.6583465178850954,0.45169828398793344,0.911196470315651
big data,1.8265005604339073,1.8613631741635843,1.6120482588680891,1.3371214125916664,1.6861654098563448,1.6948267475507357,1.562710109907606,1.2701994590325205,2.354916034068513,1.7397863871927246,1.3567176986697902,1.014288563082001,0.9661712053348676,1.0446559427862288,1.2384154234080618,0.9230559034189801,0.9176732457522356,1.1338797717120923,0.6469518870313338,0.4254923886176946,1.6875338316377353,1.115514576774213,0.8912833817419407,0.4629800974877579,0.7396181000598121,0.8908428479559658,1.3233756306796118,1.1241575079255384,1.2652901872269442,0.8578785225996021,0.4783277203368951,0.4984453814226129,2.2104622297042638,1.2633908583123836,1.0764344558497265,0.7356553188872227,1.004717494693153,0.8734521422959726,0.8986641119077461,0.8451497930045482,0.3887705485194337,0.3530524116116766,0.1543288694115282,0.21449956806868742,2.2305206688782677,0.8529547042673059,0.43206895370886933,0.12258439979173283,0.2826877748085856,0.37265848864023504,0.12852663566382952,0.18994038495815677,0.2835359975660953,0.28379408954455615,-0.012678049621945478,-0.18157300494646522,0.8181184993114105,1.272174724481384,-0.3277946342202753,-0.3308334807304563,-0.28890729626738576,-0.4560614163871069,-0.6140651881913394,-0.781335650144025,-0.36844817497358223,-0.2946324721710368,-0.5758274637475124,-0.5996527515971541,0.4903310852615653,-0.11055643452567303,0.30420496676738373,0.911196470315651
bitcoin,-0.5661477751898457,-0.4236862468044988,0.26435518071470265,-0.1675676450562446,-0.06920198378789794,-0.5285363044720937,-0.39650853534969105,-0.1357465070721778,-0.6383156784534868,-0.5182342429935776,-0.03990346172558216,0.2885006825224297,1.8703868914368234,2.04114809806721,1.1330183660967372,0.9905554210364559,1.907840909762355,1.3113951958548857,0.9478597414645122,1.0333386580715442,0.4512453102914092,0.45360365861848445,0.1235111802413926,0.2869420376064811,0.4364959279041514,0.2722019813198784,0.1622202385994363,-0.16757627447337206,0.7029389929038579,1.3215966429237112,1.0640351329943178,0.7427813527082074,0.09030307510337124,-0.3922227469643751,0.2736697769109474,-0.3121623459966552,-0.600884312806801,-0.5298781694260888,-0.18282278494398255,-0.5420261590393909,-0.7220024472503768,-0.6072501479720838,-0.4244043908817029,-0.18768712206010157,-0.8183924756315943,-0.7027488443963339,-0.6677429284591617,-0.24748171278708345,0.2826877748085856,-0.25718684427283817,1.105329066708934,0.34189269292468216,-0.4119296568413087,-0.6715523505064255,-0.20284879395112493,0.06887251911762486,-0.706690173240322,-0.9319698075767578,1.629867764595257,1.0116791946974828,0.585097969751596,-0.30080646612766626,-0.12811431983848084,-0.3348581357760107,-0.18070388199341297,-0.7329287117643148,0.049505528557478605,0.01970689793981266,-0.6604459515768026,-0.06142024140315168,-0.02765499697885307,-0.6313802313998208
blockchain,0.6133267564556664,0.21104970346441318,-0.012094681470607363,0.07181470502410489,-0.001687853263119368,0.09556560486764788,0.6763969132435906,0.7369096098203936,0.15507104052824808,0.14806692656959358,0.3923840403015569,0.6151052287742369,1.1671080244686356,1.2107379686663924,1.4492095380307104,1.5643013207849992,1.4481202086147995,0.8676066354979024,0.797405814247923,1.0333386580715442,1.0693895709645722,1.0376427040500096,1.4587671828510413,1.272755172941631,1.558047964880096,1.323891454601227,1.289224001500783,1.8573037087465414,1.2652901872269442,1.1670239361490082,1.2592709372134587,1.08485171250804,0.7970227933036688,0.6721002849992556,0.5655842056159579,0.34272369455576845,0.4208622919658969,0.5831079398707185,0.7441659837860706,0.28000403476442487,0.2829826441604042,0.3530524116116766,0.2829362605878018,0.2815306830901522,0.03744279300275284,0.1019254049124453,0.06546499298619232,0.0763261357193808,0.06933851080210579,0.16271004433587732,0.5912225240536158,0.4431942315690325,-0.14444286668461484,-0.16578070577355286,-0.13945854584139844,-0.18157300494646522,-0.2375182739936351,-0.4528079527815097,-0.009105406506118885,0.19658221318766259,0.09953948862993944,-0.18436525343308577,-0.525710484854456,-0.24556263290240785,0.851889729397518,1.6046512327331681,1.3522825958595432,0.5264557021064219,0.14009459578901856,-0.25796501389323706,-0.285768302114815,-0.02152432607044824
chatgpt,-1.2064339495116951,-1.1536325896137476,-1.187006595758175,-1.1934920025434568,-1.1831851374467441,-1.2306509524793028,-1.2828217320137065,-1.299287996262273,-1.2513872340302818,-1.221552144199147,-1.2370073134930442,-1.271943260680649,-1.2776232749922078,-1.280492419536061,-1.326246304500832,-1.236928660340242,-1.2394777365555243,-1.351336166287014,-1.3089491667843267,-1.2967387081682125,-1.3619778543498693,-1.4542572231244977,-1.4454146228249447,-1.4382309492300314,-1.473173756676511,-1.521856531924775,-1.6136644786996557,-1.5291335045695207,-1.5839558640100264,-1.576641609101971,-1.5716482239640843,-1.5051095831192627,-1.5194473941306397,-1.5748038935906314,-1.623774009671621,-1.5346162883611796,-1.3793579164431422,-1.2557386754892241,-1.3158090578362698,-1.0557950301667758,-1.0922601125069802,-1.1721340065507664,-1.1960487379393445,-1.2601849624035388,-0.9788615885005345,-1.0246185441198457,-1.1390908779597464,-0.987613937944716,-1.1574197572351532,-1.3069290657946269,-1.310971683771061,-1.177630386740572,-1.1608926692800514,-1.2897176940688253,-1.4072635080359281,-1.3085778632348706,-0.9412761228636655,-0.5486403237405594,-0.28226760168968157,-0.04315219313875512,-0.28890729626738576,-0.6501301042114077,-0.3048237265122476,0.20091488146560643,0.5702732899272641,1.0689558287858283,1.1959493477832954,0.6953719701619583,1.691141906310297,1.5600741316400526,0.8204315770393077,0.40896219533852063
cloud computing,-0.1280572348643698,-0.1380550691834884,-0.18487584533642612,-0.2701600808049658,-0.2717443753622336,-0.2554917191359567,-0.39650853534969105,-0.2811891932209397,-0.20555928628163142,-0.185083658211992,-0.1729150008108557,-0.2921296219252274,-0.2729391793233681,-0.2507838590790469,-0.16687867407626364,-0.4269344489305337,-0.42612572683292627,-0.3306224774659525,-0.35607429441259464,-0.3849693039874381,-0.24931818513817566,-0.48085881407195574,-0.4439726208677081,-0.4524178138948814,-0.47287058856283076,-0.4392350153116221,-0.38420582826182276,-0.3770466175650872,-0.38427331612077564,-0.610562191760077,-0.5466602518135947,-0.674367280748241,-0.3415811971301439,-0.3922227469643751,-0.41962699126345265,-0.6614349009579479,-0.5522297125795297,-0.7718316714471339,-0.4918190411873336,-0.7989105946030832,-0.6691084950708619,-0.6072501479720838,-0.6173154776461133,-0.5228426971674257,-0.3904748413144208,-0.48816904458065946,-0.5629989396812539,-0.4787730331488436,-0.6773839132205736,-0.6245966218054642,-0.38557990699148853,-0.21526576961924435,-0.572421730935325,-0.33437125401784373,-0.3296292901705779,0.1940952811496699,-0.17887178658779923,-0.4528079527815097,-0.5099027643426505,-0.7144085308527246,-0.6287982330525453,-0.8441987920357086,-0.6582425398597811,-0.7366878987072235,-0.46232032146366686,-0.3433320543480677,-0.5758274637475124,-0.5996527515971541,-0.7104797357871665,-0.5036459795058438,0.7466849184290328,0.911196470315651
cybersécurité,-0.9368397708498637,-0.9314750070196284,-0.9796691991191925,-1.0225046096289214,-0.9806427458724085,-0.9966127364768997,-1.0029333541198069,-1.0568835193476698,-0.9628829725823783,-0.9254182910599599,-0.970984235322497,-1.0179175024847988,-0.9762180462915558,-0.9151119625997011,-0.9397904276926425,-0.9331808310616014,-0.9212095588379859,-0.9075476059300308,-0.8575873851345588,-0.9421617176534669,-0.8674624458113388,-1.0259619231413792,-1.04483782204205,-1.0509472174912224,-1.0488027156585862,-1.026943838615905,-0.9306318951230819,-1.0054576468402328,-0.984114590065401,-0.9583507820031588,-0.9859408113066617,-0.9675704462909546,-0.8912520890637087,-0.8652552056148776,-1.0034558486734737,-1.0980255946595636,-1.2820487159885996,-1.158957274680806,-1.0583121776334772,-1.2099256915049912,-1.145154064686495,-1.0026688489771616,-0.9388339555867973,-1.0590916173391445,-0.8718821799212411,-0.970973594165927,-1.1390908779597464,-1.033872202017068,-0.9974078092302933,-1.0444935104141797,-1.053918412443402,-1.0256780787740465,-0.9469032371546964,-0.9525365975802437,-0.9001415231581162,-1.1833551012028256,-0.9412761228636655,-1.0757183640153323,-1.238335284832151,-1.3377179873014107,-1.3085801066228644,1.5622529369856215,1.9923985602467202,1.4510519216960465,-1.213297493384344,-1.1712249513575927,-1.2011604560525033,-1.3879286691896573,-1.0607162252597133,-1.2406888763436639,-2.0556881087614114,-1.958713672410808
data science,-0.2628543241952854,-0.2650022592372708,-0.39221324197540863,-0.2701600808049658,-0.3730155711494015,-0.09946624180102133,-0.0699720944734749,-0.1357465070721778,-0.09737018823866757,-0.2591171214967888,-0.4721909637527212,-0.47357659206512026,-0.40689705874588,-0.3836494797831777,-0.4479374935731287,-0.46068420773927155,-0.42612572683292627,-0.3306224774659525,-0.2557716762682018,-0.28366159241179656,-0.24931818513817566,-0.44192287770985406,-0.577498221128673,-0.5228330378473921,-0.5334950229939629,-0.4701670586434265,-0.35005419908299407,-0.3770466175650872,-0.38427331612077564,-0.30141677821067087,-0.35142444759445374,-0.3322969209484087,-0.3415811971301439,-0.35280337541016654,-0.41962699126345265,-0.6177758315877863,-0.6495389130340723,-0.5298781694260888,-0.7493159213901261,-0.6447799332648678,-0.6691084950708619,-0.5507617621142156,-0.4244043908817029,-0.5228426971674257,-0.3904748413144208,-0.48816904458065946,-0.5629989396812539,-0.8025808816553078,-0.6240465972189536,-0.6770837328815537,-0.6426331783191476,-0.823075001485346,-0.7329138050293413,-0.6153555010916618,-0.5831902826094838,-0.6198526720586229,-0.706690173240322,-0.5965565092200842,-0.8285919920568069,-1.0020898184444258,-1.0172450179498704,-1.0382674798600093,-0.9233066498704312,-1.093869910201635,-0.9316810539140901,-0.8303278761183766,-0.8363828772079254,-0.8811798650230481,-0.860581088418258,-0.9950079107310572,0.5254449425982083,0.911196470315651
deep learning,0.14153694379746154,0.0841025134106308,-0.012094681470607363,-0.030777730724616315,-0.06920198378789794,0.32960382087005097,0.3032124093850579,0.05817707445950472,-0.025244122876691664,-0.11105019492719519,-0.13966211603953732,-0.21955083386927024,-0.23944970946774008,-0.18435104872698144,-0.09661396920204736,-0.19068613726936878,-0.14322067997289215,-0.15310705332315921,-0.20562036719600538,-0.18235388083615495,-0.16689895038175392,-0.16937132317514234,-0.2436842204762608,-0.3820025899423707,-0.2303728508383022,-0.03711845199816533,0.05976535106295021,0.04189406861834314,0.21556795782384974,0.046371812032411024,0.03904716084382804,-0.039093755405695166,-0.18453237086341112,-0.03744840297649823,-0.16420186614656843,-0.1811851378861705,-0.017029110079545034,-0.0459711653839987,0.023174719218251476,-0.028257287912006022,0.018512883262830248,-0.21183144696700598,0.1543288694115282,-0.12065600703863674,-0.23000572844548067,-0.005364494995391937,-0.14402298456962312,-0.2012234487147314,0.016001194800485834,-0.20469973319674872,-0.025705327132765902,-0.06331346165271892,-0.09094550865327607,-0.10958385635878923,-0.07606829773167197,-0.30679576697851024,-0.35481124880530684,-0.3090593963429352,-0.5099027643426505,-0.6664616495874411,-0.6287982330525453,-0.5336888915168272,-0.5698878365228978,-0.6920401472704222,-0.6031285411987938,-0.3433320543480677,-0.41949421567126466,-0.6559581742823329,-0.560378383156075,-0.4545097863833224,0.48857161329307086,0.911196470315651
gpu,-0.5661477751898457,-0.5823702343717267,-0.4958819402948999,-0.372752516553687,-0.3055014406246229,-0.45052356580462594,-0.39650853534969105,-0.37815098398678093,-0.38587444968657114,-0.48121751135117913,-0.33917942466744766,-0.36470840998118453,-0.37340758889025205,-0.45008229013524315,-0.4479374935731287,-0.46068420773927155,-0.4968519885479348,-0.4193801895373492,-0.35607429441259464,-0.28366159241179656,-0.45536627202923,-0.5197947504340574,-0.6108796211939141,-0.5580406498236475,-0.563807240209529,-0.5010991019752309,-0.6232672325136236,-0.5865169606568025,-0.6467038734715492,-0.5719190150664012,-0.35142444759445374,-0.28342972669128974,-0.4986300233968767,-0.43164211851858364,-0.3101590804990737,-0.44313955410713995,-0.6495389130340723,-0.5298781694260888,-0.8008152974306847,-0.6961568203776063,-0.7220024472503768,-0.38129660454061076,-0.23149330411729255,0.08043733802575775,-0.28349543273512734,-0.38087914467282225,-0.4058829565143924,-0.33999824093178754,-0.30402270120923386,-0.362161066425017,-0.5398118697880839,-0.5698211548744703,-0.4119296568413087,-0.39056810343260734,-0.07606829773167197,0.006261138101602341,-0.17887178658779923,-0.35697558182246003,-0.41884869928146284,-0.3308334807304563,-0.38601899249171706,-0.4948751539519671,-0.393178429849131,-0.46880139008641497,-0.32151210172853995,-0.19723330781697498,-0.10682771951876915,0.18862316599534906,-0.2101418936835282,-0.35623740013827976,0.7835582477341703,0.911196470315651
ia,-1.0716368601807793,-1.0266853995599652,-0.9796691991191925,-1.0225046096289214,-1.0143998111347978,-1.0356191058106337,-1.09622948008444,-1.153845310113511,-1.1071351033063301,-1.0734852176295535,-1.1039957744077706,-1.1267856845687345,-1.1436653955696958,-1.14762679883193,-1.1857168947523995,-1.1019296251052906,-1.0980252131255073,-1.1738207421442208,-1.1584952395677373,-1.14477714080475,-1.1971393848370258,-1.298513477676091,-1.3118890225639799,-1.29740050132501,-1.3216126705986808,-1.3981283585975577,-1.4429063328055123,-1.3545748853264248,-1.3965054659023308,-1.3447825489399166,-1.3764124197449434,-1.309640806090787,-1.2838741547305406,-1.33828766426538,-1.368348884554737,-1.1853437333998869,-1.476667116897685,-1.3525200762976421,-1.4188078099173866,-1.1585488043922527,-0.880684303788921,-0.9461804631192934,-0.8745302599986605,-0.790967157253285,-0.7649027713419477,-0.5954589444884967,-0.5629989396812539,-0.38625650500413955,-0.4640346492140937,-0.362161066425017,-0.33416925272595677,-0.21526576961924435,0.01604920740940148,0.0028098424707380214,-0.012678049621945478,0.13148390013364739,0.40759308747055945,0.2659348294113626,0.4006378862692251,0.7239979071057815,0.9249889065367555,1.5622529369856215,1.2413835818832115,1.6296429274432522,1.5089947548281104,1.16635499313989,1.143838265091213,1.08950992895821,1.3909392010481143,1.8548912903751806,0.5254449425982083,0.5524577024748436
intelligence artificielle,-0.7683434091862191,-0.7093174244255092,-0.7723318024802099,-0.7489247809656647,-0.8118574195604621,-0.8795936284756982,-0.9562852911374903,-0.9599217285818286,-0.8546938745394145,-0.7773513644903663,-0.7714669266945867,-0.836470532344906,-0.8422601668690439,-0.8818955574236683,-0.8343933703813181,-0.8656813134441257,-0.8151201662654731,-0.9075476059300308,-1.008041312351148,-0.9421617176534669,-0.9498816805677605,-0.9480900504171759,-0.9780750219115676,-0.9805319935387118,-0.9578660640118879,-1.0578758819477094,-0.9989351534807392,-1.0054576468402328,-1.0590947493084792,-1.0742803120841862,-1.1323676644710174,-1.0653048348051923,-1.0090387087637582,-1.0229326918317119,-1.0034558486734737,-0.748753039698271,-0.06568371030681637,-0.33631536780925275,-0.13132340890342406,0.5368884703281173,0.5474524050579781,0.014122096464467064,-0.5530117820579765,-0.4558115821459609,-0.23000572844548067,-0.2199442948110664,-0.14402298456962312,-0.062448656497675316,-0.09067343720275407,-0.25718684427283817,-0.23134794419489313,-0.36721807758576974,-0.2514375827472924,-0.39056810343260734,-0.5198000344997573,-0.5572412910426003,-0.47210422361697857,-0.4528079527815097,-0.46437573181205666,-0.3308334807304563,0.19665118485427074,1.5622529369856215,0.7112553618619113,0.3348581357760107,-0.5092563947087092,-0.635529547410253,-0.6800496291316775,-0.6559581742823329,-0.6604459515768026,-0.7984631382409718,-1.576334827794625,-1.56410102778592
machine learning,-0.026959417866183034,0.020628918383739595,-0.08120714701693488,0.0034197478582907556,-0.03544491852550865,0.09556560486764788,0.11662015745579149,0.009696179076584092,0.010818909804296282,-0.037016731642398396,-0.20616788558217408,-0.21955083386927024,-0.13898129990085611,-0.18435104872698144,-0.06148161676493923,-0.15693637846063094,-0.24931007254540494,-0.10872819728746087,-0.15546905812380896,-0.28366159241179656,-0.20810856775996478,-0.2472431958993457,-0.2436842204762608,-0.34679497796611536,-0.29099728526943436,-0.09898253866177407,0.0939169802417789,0.04189406861834314,0.10309771895923249,0.08501498872608679,0.08785611189861327,-0.039093755405695166,-0.027483544596678348,0.15964845479454448,0.01824465179406316,-0.1375260685160089,-0.06568371030681637,0.002419535020210313,-0.02832465682230703,-0.0796341750247445,-0.034381068916684535,0.07061048232233533,0.025721478235254627,0.013406223004292919,-0.01604691128689386,-0.005364494995391937,-0.03927899579171539,-0.2937399768594355,-0.037336121201134116,0.2676842664880562,-0.12852663566382952,-0.012662692330543785,-0.14444286668461484,0.059006691885501644,0.1141024465975075,-0.30679576697851024,-0.17887178658779923,-0.021562283465786303,-0.41884869928146284,-0.5226210057915905,-0.43457484060388274,-0.5336888915168272,-0.525710484854456,-0.6920401472704222,-0.6031285411987938,-0.14853372563994408,-0.2631609675950169,-0.48704190622679655,-0.5103445989457112,-0.4545097863833224,0.7466849184290328,0.911196470315651
metaverse,-1.2064339495116951,-1.1536325896137476,-1.187006595758175,-1.1934920025434568,-1.1831851374467441,-1.2306509524793028,-1.2828217320137065,-1.299287996262273,-1.2513872340302818,-1.221552144199147,-1.2370073134930442,-1.271943260680649,-1.2776232749922078,-1.247276014360028,-1.326246304500832,-1.2031789015315042,-1.2041146056980199,-1.351336166287014,-1.2086465486399338,-1.0941232850169293,-1.155929767458815,0.33679584953217945,0.9580461818724231,1.343170396894142,1.558047964880096,1.5094837145920532,0.742797934639524,0.4608347548017735,-0.1593328383915411,-0.06955771804861627,-0.009761790210957183,-0.08796094966281408,0.051040868536688044,0.12022908324033595,0.16420186614656843,-0.3994804847369784,-0.746848113488615,-0.6750502706387159,-1.0583121776334772,-1.2099256915049912,-1.356729873404554,-1.4545759358401076,-1.2603524335274812,-1.4612783074679334,-1.406779222817708,-1.3464882438433572,-1.5580668330713772,-1.5889713708852924,-1.7974675492545926,-1.9367743987077,-1.9793101892229745,-1.886741157251024,-1.8563583236874555,-1.9640798870459888,-1.8509952448040137,-1.8094689113630509,-2.114205870980383,-1.986125888126304,-2.057821870382839,-2.00897432501538,-2.2796970688661773,-2.1638658692409543,-2.248627199923682,-2.210063696121671,-2.0112107385500635,-2.0965170127211796,-1.9828266964337422,-2.007288318726624,-2.0613919094669897,-2.1742765456715696,-2.719408036253885,-2.4609479473879383
nvidia,-0.43135068585893,-0.4236862468044988,-0.32310077642908114,-0.20176512363915167,-0.23798731009984433,-0.3335044578034244,-0.2565643464027413,-0.08726561168925717,0.19113407320923603,-0.2591171214967888,-0.2394207703534925,-0.0018144697013988255,-0.37340758889025205,-0.350433074607145,-0.48306984601023684,-0.39318469012179585,-0.4968519885479348,-0.3750013335016508,-0.2557716762682018,-0.28366159241179656,-0.5377855067856517,-0.6366025595203625,-0.5107354209981906,-0.3820025899423707,-0.41224615413169863,-0.5320311453070352,-0.6232672325136236,-0.5865169606568025,-0.6841939530930883,-0.6878485451474284,-0.4490423497040242,-0.3322969209484087,-0.4593678168301935,-0.4710614900727922,-0.4926055984397053,-0.3994804847369784,-0.8928119141704289,-0.7718316714471339,-0.9038140495118017,-1.0044181430540373,-0.7748963994298915,-0.6072501479720838,-0.4887080864698397,-0.12065600703863674,-0.6044336584730076,-0.7563937943502526,-0.6153709340702078,-0.5712895612935477,-0.5173719652157137,0.11022293325978788,-0.025705327132765902,-0.4178688469079449,0.01604920740940148,0.620975186033138,0.36766343903641346,1.0706546153739853,0.17300713784721597,-0.21322702538388558,0.12747569108566245,0.1006884506570955,1.410547387658412,0.2813995973452362,-0.039759616501597456,0.022323875718400714,-0.08683173550332834,-0.2946324721710368,-0.054716636826686565,0.6390665474767795,-0.1601081094731644,0.08598833796441235,0.8204315770393077,-0.02152432607044824
openai,-1.2064339495116951,-1.1536325896137476,-1.187006595758175,-1.1934920025434568,-1.1831851374467441,-1.2306509524793028,-1.2828217320137065,-1.299287996262273,-1.2513872340302818,-1.221552144199147,-1.2370073134930442,-1.271943260680649,-1.2776232749922078,-1.280492419536061,-1.326246304500832,-1.236928660340242,-1.2394777365555243,-1.351336166287014,-1.3089491667843267,-1.2967387081682125,-1.3619778543498693,-1.4542572231244977,-1.4454146228249447,-1.4382309492300314,-1.473173756676511,-1.521856531924775,-1.6136644786996557,-1.4942217807209015,-1.5464657843884873,-1.5379984324082954,-1.5228392729092992,-1.4562423888621436,-1.4801851875639567,-1.4959651504822142,-1.5507954024953685,-0.44313955410713995,0.3722076917386256,-0.28792466740504374,-0.23432216098454106,-0.23376483636295994,-0.2988508298142585,-0.7767153055456886,-1.0031376511749341,-1.1261227323606091,-1.085840997079828,-1.1855533939816014,-0.7201149228481155,-1.033872202017068,-1.2107570732367732,-0.8870321771859113,-1.4137929923021246,-1.3295826947070974,-1.0004005951860353,-1.0087334469950073,-1.0903122674872958,-1.1207437201868031,-1.0585690976753372,-1.0278021785358076,-1.238335284832151,-1.097983580974993,-1.0172450179498704,-1.1158949549897297,-1.1883707598810813,-1.004574407328032,-0.9786171271591323,-0.8790274582954075,-1.0448272079762557,-0.7122635969675117,-0.860581088418258,-0.4545097863833224,0.8204315770393077,0.3730883185544399
robot,0.8492216627847687,0.5284176785988691,0.644473741219504,1.7816886341694584,1.956221931955459,1.4997949008820664,1.329469794996023,1.3671612497983618,0.6238904653810914,1.110501949271952,2.088281163638795,2.211838566005294,1.1671080244686356,1.0778723479622616,1.1330183660967372,1.1255544562714073,1.3420308160422867,1.355774051890584,1.39922152311428,1.4892233601619314,0.9457607188299396,0.8429630222395013,1.3920043827205588,1.3079627849178865,0.6486814484131139,0.2722019813198784,0.5378881595665519,0.8099519932879655,1.0403497094977097,0.703305815824899,0.9664172308847473,1.08485171250804,0.32587631450347043,0.711519656553464,1.1859023666141053,1.1722460125888385,0.5668260926477109,0.38954513825388243,0.6411672317049536,1.6671799868083639,2.1342709704434215,1.313354971195437,1.5690101723505376,1.3540285234335896,0.5723398358992199,0.6383749044516315,1.4271368470989927,1.4178157938175897,0.8160609348247851,0.4251455997163245,0.6426331783191476,1.2029557714016594,1.4069805162242095,1.2953373790103013,1.6988586493406697,1.508934282486143,0.9354114741230822,1.751336579276632,1.5843407320646632,1.2514136010239003,0.585097969751596,0.00970343439121504,0.7112553618619113,1.406404170259245,1.884483340788449,1.2637541574939517,1.248060430475378,1.4273424650692828,0.7905337905237483,0.6756226554346685,0.7098115891238954,0.12197118106587472
réalité virtuelle,1.893899105099365,2.0200471617308122,1.059148534497469,0.7899617552651533,0.8422387782966126,0.7586738835411232,1.2361736690313898,1.6580466220958858,0.9484577595099829,1.0734852176295535,0.8911773118713326,1.2683143212778512,0.3968502177891917,0.3138950289135092,0.254709555169034,0.28181048605296105,0.2457737594596547,0.7344700673908073,1.3490702140420836,1.3879156485862898,0.7809222493170962,1.2712583222226197,1.2250973823943527,1.6248312927041848,0.8911791861376425,1.1073671512785963,1.084314226427811,1.0543340602282998,0.777919152146936,0.8192353459059263,1.0640351329943178,1.1337189067651587,0.7970227933036688,1.3422296014208008,1.8062205276122527,2.3510408855832012,1.3939542965113236,1.5509219479548988,1.2076603681510971,1.2561648899064561,0.9706040224940964,0.9179362701903592,1.3760990855861273,1.2869974084121247,0.6258295401888666,1.550339053668248,1.636624824654808,2.0654314908305182,1.082747514832885,1.7898104876946497,1.053918412443402,1.0510034634351342,0.7115148618168056,0.5647783366183743,1.0015659201336784,1.0706546153739853,0.6421790370939029,1.224258539001859,1.2201244718199131,1.7308824136767358,0.3423187291907677,0.7471644481235581,0.1369497901721693,0.29021038433920926,0.05397648423179859,-0.39203163652509854,-0.002605554134603981,0.5264557021064219,0.09006081157865474,0.5282140760671045,-0.3963882900302273,-0.12914595642269047
serveur,1.0514172967811422,1.2901008189215635,2.061279284919218,2.22625585574725,1.7874366056435125,1.7728394862182033,2.122486865695405,1.9974128897763301,1.2369620209578864,1.5176859973383343,1.1904532748131982,1.2683143212778512,1.1336185546130075,1.376819994546556,1.4140771855936023,1.6993003560199507,1.1652151617547655,1.5776683320690754,2.3019450864138156,2.2490311969792436,1.481485744746681,1.4270020676710264,0.9246647818071818,1.2023399489891204,1.2246135755088692,1.5094837145920532,1.391678889037269,1.4034512987144918,1.3402703464700223,1.5534557030857659,2.1378320561995925,2.4531331517073696,1.3074314786705503,1.6181652023002606,1.2953702773784843,1.434200428809808,1.6372272976476803,1.9380475511885709,1.7226541285566823,1.5130493254701485,1.6582254008277886,1.991215601489856,2.5335656061725897,2.6946508238628866,1.5886442174025073,1.8185638034378409,1.636624824654808,1.510332321962294,1.6694579908507043,1.7898104876946497,1.619435609364252,1.6081619259790607,1.5674725903182258,1.801109023743174,2.2059806342184816,2.0724367116303455,1.8737552726164561,1.5117556518790078,0.8559082115751628,1.491148007350318,1.1677681470975838,1.0964880862072997,0.8437874168672364,0.9152789044544293,1.133506168867772,1.0689558287858283,1.3522825958595432,1.4836478877544614,1.0907364957859313,1.2652569729049246,-0.13827498489426535,-0.1650198332067712
